"mutants","Pos1","Pos2","Pos3","Pos4","Pos5","Pos6","Pos7","Pos8","Pos9","Pos10","Pos11","Pos12","Pos13","Pos14","Pos15","Pos16","Pos17","Pos18","Pos19","Pos20","Pos21","Pos22","induced","uninduced"
"pIB11 WT","A","C","A","A","T","A","A","T","A","A","T","G","G","A","G","T","C","A","T","G","A","A",1000,10
"DL2","A","G","C","A","T","C","G","G","A","A","T","G","G","A","G","T","C","A","T","G","A","A",500,5
"DL7","G","G","A","A","T","A","A","T","A","A","T","G","G","A","G","T","C","A","T","G","A","A",500,5
"DL27","C","C","A","A","T","A","A","T","A","A","T","G","G","A","G","T","C","A","T","G","A","A",400,5
"DL37","A","A","A","A","T","A","A","C","A","A","G","G","G","A","G","T","C","A","T","G","A","A",500,5
"DL45","A","G","A","A","T","A","A","T","A","A","T","G","G","A","G","G","C","A","T","G","A","A",200,5
"DL46","A","A","A","A","T","A","G","T","A","G","T","G","G","A","G","G","C","A","T","G","A","A",300,5
"DL55","G","C","A","A","T","A","A","T","A","A","G","G","G","A","G","A","C","A","T","G","G","A",300,5
"DL111","A","T","A","A","G","A","A","T","G","T","T","G","G","A","G","T","C","A","T","G","A","A",200,5
"DL134","A","C","A","A","T","A","A","T","A","A","T","G","G","A","G","G","C","A","T","G","A","A",400,5
"DL184","-","C","T","T","G","A","A","T","A","A","T","G","G","A","G","T","C","A","C","G","A","A",300,5
"P2-58","A","C","C","C","C","A","G","T","A","A","T","G","G","A","G","T","C","A","T","G","A","A",50,5
"P1-2","T","G","A","A","T","A","A","T","A","A","T","G","G","A","G","T","C","A","T","G","A","A",100,5
"P2-81","T","G","A","A","T","A","A","T","A","A","G","G","G","A","G","T","C","A","T","G","A","A",100,5
"P1-20","T","C","A","-","T","G","-","T","A","A","T","G","G","A","G","T","C","A","T","G","A","A",20,5
"P1-44","G","C","A","A","T","A","A","T","A","A","T","G","G","A","G","T","C","-","-","-","A","A",200,10
"P1-51","A","C","A","A","T","G","A","T","T","A","T","G","G","A","G","T","C","A","T","G","T","A",50,5
"P1-87","C","C","C","A","T","A","T","T","A","A","T","G","G","A","G","T","C","A","T","G","A","A",100,5
"P1-94","A","C","T","C","T","A","A","T","A","A","T","G","G","A","G","T","C","A","T","G","A","A",50,5
"P2-24","C","C","A","A","T","A","A","G","A","A","T","G","G","A","G","T","C","A","T","G","G","A",5,5
"P2-50","T","C","A","A","A","A","C","T","A","A","T","G","G","A","G","T","C","T","T","G","A","A",100,5
"P2-73","C","C","C","A","T","A","A","T","A","A","T","G","G","A","G","T","C","A","T","G","A","A",100,5
"P2-91","T","C","-","A","T","G","A","T","A","A","T","G","G","A","G","T","C","A","T","G","A","A",5,5
"P3-26","G","G","C","A","T","A","A","T","A","A","T","G","G","A","G","T","T","A","T","G","C","A",100,5
"UP_C","A","C","C","A","T","A","A","T","A","A","T","G","G","A","G","T","C","A","T","G","A","A","500",20
"RBS","A","C","A","A","T","A","A","T","A","A","T","G","A","G","G","T","C","A","T","G","A","A",2000,20
"HL60","T","T","A","A","T","A","A","T","A","A","C","G","G","A","G","T","C","A","T","C","A","A",6000,"200"
"HL69","A","C","A","A","T","T","A","T","A","A","T","G","G","A","G","T","C","A","A","G","A","A",3000,"100"
"HL72","C","C","A","A","T","A","A","T","A","A","T","G","G","A","G","T","C","A","T","G","A","A",1000,"10"
"HL80","A","C","A","C","T","-","A","T","A","A","T","G","G","A","G","T","C","A","T","G","A","A",1500,10
"HL87","A","C","T","A","G","T","A","T","A","A","T","C","G","A","G","T","C","A","T","G","A","A",2000,"100"
"HL95","G","C","A","A","C","C","A","C","T","A","T","G","G","A","G","T","C","A","T","G","A","A",1000,"5"
"HL83","A","C","C","A","T","A","A","T","A","A","T","G","G","A","G","T","C","T","T","G","A","A",8000,80
"HL92","A","C","C","A","T","A","A","T","A","A","T","G","G","A","G","C","T","A","T","G","A","A",8000,80
"HL95","A","C","C","A","C","A","A","T","A","A","T","G","G","A","G","T","C","T","T","G","A","A",9000,100
"HL84","A","T","C","A","T","A","A","T","T","A","T","G","G","A","G","T","C","T","T","G","A","A",8000,40
"HL85","A","C","C","A","T","A","A","T","A","A","C","G","G","A","G","T","C","A","T","T","A","A",8000,100
"HL86","A","A","C","A","T","A","A","T","A","C","T","G","G","A","G","T","A","A","T","G","A","A",8000,80
"HL89","A","A","C","A","T","A","A","T","A","A","T","G","G","A","G","T","A","A","T","G","A","A",8000,80
"HL87","A","C","A","A","C","A","A","T","A","A","T","G","G","A","G","T","C","A","T","T","A","A",5000,40
"HL88","A","C","A","A","T","A","G","T","A","A","T","A","G","A","G","T","C","A","T","C","A","A",7000,40
"HL94","A","A","C","A","T","A","A","T","A","A","T","G","G","A","G","T","C","T","T","G","A","A",8000,80
"HLM_7","T","C","A","A","T","A","T","T","C","A","T","G","G","A","G","T","C","A","T","G","A","A",1500,"150"
"HLM_9","A","G","A","A","T","T","A","T","C","A","T","G","G","A","G","C","C","A","T","G","A","A",3000,20
"HLM_16","G","C","A","A","T","A","A","T","T","A","C","G","G","A","G","T","C","A","T","G","A","A",2000,"60"
"HLM_17","A","C","A","A","T","A","A","T","A","A","T","T","G","A","G","G","C","A","T","T","A","A",3000,60
"HLM_27","A","C","A","T","T","A","A","T","-","A","T","G","G","A","G","T","C","A","T","G","A","A",3000,"80"
"HLM_28","A","C","A","C","T","T","A","T","A","A","T","G","G","A","G","T","C","A","T","G","A","A",1500,40
"HLM_40","A","C","A","A","T","A","A","T","A","A","T","G","G","G","G","T","C","A","T","G","A","A",500,40
"HLM_51","T","C","A","T","T","A","A","T","A","A","T","G","G","A","G","T","C","A","T","G","A","A",1000,"10"
"HLM_55","C","C","A","A","T","A","A","T","A","A","T","G","G","A","C","T","T","A","T","G","A","A",100,5
"HLM_62","A","C","A","A","T","A","C","T","G","A","T","G","G","A","G","A","C","A","T","T","A","A",7000,100
"HLM_73","A","C","G","C","C","A","A","C","A","A","T","G","G","A","G","T","C","A","T","G","A","A",500,"5"
"HLM_76","T","C","A","A","T","A","G","T","T","A","T","G","G","A","G","T","C","A","T","G","A","A",3000,20
"HLM_77","A","G","C","G","T","A","C","T","A","A","T","A","G","A","G","T","C","A","T","G","A","A",1500,"20"
"HLM_78","A","C","A","A","T","T","A","C","G","G","T","G","G","A","G","T","C","A","T","T","A","A",5000,100
"HLM_90","A","A","A","A","A","A","A","A","A","T","T","G","G","A","G","T","C","A","T","G","A","A",3000,"80"
"HLM_91","A","G","C","A","T","A","A","T","A","A","T","G","G","A","G","T","A","G","T","G","A","A",6000,80
"HLM_93","A","C","A","T","T","A","C","C","T","A","T","G","G","A","G","T","C","A","T","G","A","A",3000,100
"HLM_96","A","C","A","G","T","G","G","T","A","A","T","G","G","A","G","T","C","A","T","G","A","A",1500,"40"
"LLM_3","A","C","A","A","T","C","A","T","A","A","T","G","G","G","G","T","C","C","T","G","A","A",2000,"20"
"LLM_6","A","C","T","A","T","A","A","T","A","A","T","G","T","A","G","G","C","A","C","G","A","A",100,"5"
"LLM_12","A","C","A","A","T","T","A","C","C","A","T","G","G","A","T","T","C","A","T","G","A","A",3000,"100"
"LLM_13","A","C","A","A","T","A","A","C","A","A","T","G","G","A","G","T","C","A","A","G","A","A",4000,"100"
"LLM_23","A","C","T","A","T","C","A","T","A","A","T","G","G","A","G","T","C","A","T","G","C","A",2000,"80"
"LLM_37","A","C","A","A","T","A","A","T","T","A","T","G","G","A","G","T","C","A","T","G","A","A",2000,"60"
"LLM_44","C","C","A","A","T","A","A","T","A","A","T","G","G","A","G","T","C","A","T","G","A","A",1000,5
"LLM_45","C","C","A","A","T","A","C","T","A","A","T","G","G","G","G","T","C","A","T","T","A","A",4000,"80"
"LLM_47","C","C","A","C","T","A","A","T","C","A","C","G","G","A","G","T","C","A","T","A","A","A",7000,100
"LLM_50","A","C","A","A","T","A","A","T","A","A","G","C","G","A","G","T","C","A","T","G","A","A",1000,5
"LLM_53","C","C","A","A","T","A","A","T","A","A","T","G","G","A","G","T","C","A","T","G","A","A",100,"5"
"LLM_56","A","A","A","A","T","A","A","T","A","A","T","G","G","A","G","T","C","A","T","G","A","A",1000,5
"LLM_57","A","C","A","G","T","A","A","T","A","A","T","G","G","A","G","T","C","T","T","G","A","A",6000,100
"LLM_60","T","T","A","A","T","A","A","T","A","A","C","G","G","A","G","T","C","A","T","C","A","A",6000,"200"
"LLM_69","A","C","A","A","T","T","A","T","A","A","T","G","G","A","G","T","C","A","A","G","A","A",3000,"100"
"LLM_72","C","C","A","A","T","A","A","T","A","A","T","G","G","A","G","T","C","A","T","G","A","A",1000,"10"
"LLM_80","A","C","A","C","T","-","A","T","A","A","T","G","G","A","G","T","C","A","T","G","A","A",1500,10
"LLM_87","A","C","T","A","G","T","A","T","A","A","T","C","G","A","G","T","C","A","T","G","A","A",2000,"100"
"LLM_95","G","C","A","A","C","C","A","C","T","A","T","G","G","A","G","T","C","A","T","G","A","A",1000,"5"
"UP_L_86","A","C","T","A","C","A","A","T","T","A","T","G","G","A","G","T","C","G","T","G","A","A",10000,80
"H_25","A","C","A","A","C","A","A","A","A","A","G","G","G","A","G","T","C","A","T","G","A","A",500,10
"UP_H _80","A","C","C","A","T","A","A","T","A","A","A","G","G","A","G","T","C","T","T","G","A","A",6000,500
"UP_H_82","A","C","C","A","T","A","A","T","A","A","T","G","G","A","G","T","T","T","T","G","A","A",7000,100
"UP_H_93","A","C","C","A","C","A","A","T","A","A","T","G","G","A","G","T","T","T","T","G","A","A",8000,100
"UP_H_90","A","C","C","A","T","A","T","T","A","A","T","G","G","A","G","T","C","T","T","G","A","A",7000,100
"UP_H_96","A","C","C","A","T","A","A","T","A","A","T","G","G","A","G","T","A","A","T","G","A","A",7000,200
"UP_H_91","C","A","A","A","C","A","C","T","A","A","T","G","G","A","G","T","A","A","T","G","A","A",6000,200
"UP_H_100","C","C","A","A","T","A","A","T","A","A","T","G","G","A","G","T","-","A","T","-","A","A",8000,100
"UP_H_98","T","A","C","A","C","A","A","T","A","A","T","G","G","A","G","T","A","A","T","G","A","A",9000,100
"UP_H_120","C","C","C","A","T","T","A","T","A","C","T","G","G","A","G","T","C","T","T","G","A","A",8000,100
"UP_H_81","A","C","A","A","T","C","A","T","A","C","A","G","G","A","G","T","C","A","T","C","A","A",7000,200
"UP_H_94","A","A","C","A","T","A","A","T","A","A","T","G","G","A","G","T","C","T","T","G","A","A",7000,200
"UP_C","A","C","C","A","T","A","A","T","A","A","T","G","G","A","G","T","C","A","T","G","A","A","400",20
"UP_H_6","C","C","A","A","T","G","A","T","A","A","T","G","G","A","G","T","C","T","T","T","A","A",6000,200
"UP_L_23","A","C","A","A","T","C","A","T","A","A","T","G","G","A","G","T","A","A","T","G","A","A",6000,100
"UP_L_33","A","C","T","A","T","A","A","T","T","A","T","G","G","A","G","A","A","A","T","G","A","A",5000,200
"UP_L_53","A","G","C","A","A","C","A","C","A","A","C","G","G","A","G","T","C","A","T","A","A","A",4000,100
"UP_L_56","A","C","A","G","T","A","A","T","T","A","T","G","G","A","G","T","C","T","T","C","A","A",5000,200
"UP_L_60","A","C","C","A","T","A","A","T","A","A","T","G","G","A","G","T","C","C","T","G","A","A",6000,100
"UP_H_66","A","A","C","A","T","A","A","T","A","C","T","G","G","A","G","T","A","A","T","G","A","A",7000,100
"UP_L_92","A","C","C","A","T","A","T","T","A","A","T","G","G","A","G","T","T","A","T","G","A","A",6000,1000
"UP_H_16","A","C","C","A","C","A","A","T","A","A","T","G","G","A","G","T","C","T","T","G","A","A",8000,200
"UP_L_39","A","C","C","A","T","A","A","T","A","A","T","G","G","A","G","T","C","T","T","G","A","A",8000,100
"UP_H_79","A","C","A","A","T","C","A","T","A","A","T","G","G","A","G","T","C","C","T","G","A","A",6000,200
