,,,,,,,,,,,,,,,,,,,,,,,,,,,,,,,,,,,,"induced","uninduced","Reproduced"
"mutants","A","A","C","A","T","G","T","A","C","A","A","T","A","A","T","A","A","T","G","G","A","G","T","C","A","T","G","A","A","C","A","T","A","T","G",,,
"pIB11 WT",".",".",".",".",".",".",".",".",".",".",".",".",".",".",".",".",".",".",".",".",".",".",".",".",".",".",".",".",".",".",".",".",".",".",".",1000,10,"no"
"DL2",".",".",".",".",".",".",".",".","G","C",".",".","C","G","G",".",".",".",".",".",".",".",".",".",".",".",".",".",".",".",".",".",".",".",".",500,"-","no"
"DL7",".",".",".",".",".",".",".","G","G",".",".",".",".",".",".",".",".",".",".",".",".",".",".",".",".",".",".",".",".",".",".",".",".",".",".",500,"-","no"
"DL27",".",".",".",".",".",".",".","C",".",".",".",".",".",".",".",".",".",".",".",".",".",".",".",".",".",".",".",".",".",".",".",".",".",".",".",400,"-","no"
"DL37",".",".",".",".",".",".",".",".","A",".",".",".",".",".","C",".",".","G",".",".",".",".",".",".",".",".",".",".",".",".",".",".",".",".",".",500,"-","no"
"DL45",".",".",".",".",".",".",".",".","G",".",".",".",".",".",".",".",".",".",".",".",".",".","G",".",".",".",".",".",".",".",".",".",".",".",".",200,"-","no"
"DL46",".",".",".",".",".",".",".",".","A",".",".",".",".","G",".",".","G",".",".",".",".",".","G",".",".",".",".",".",".",".",".",".",".",".",".",300,"-","yes"
"DL55",".",".",".",".",".",".",".","G",".",".",".",".",".",".",".",".",".","G",".",".",".",".","A",".",".",".",".","G",".",".",".",".",".",".",".",300,"-","no"
"DL111",".",".",".",".",".",".",".",".","T",".",".","G",".",".",".","G","T",".",".",".",".",".",".",".",".",".",".",".",".",".",".",".",".",".",".",200,"-","yes"
"DL134",".",".",".",".",".",".",".",".",".",".",".",".",".",".",".",".",".",".",".",".",".",".","G",".",".",".",".",".",".",".",".",".",".",".",".",400,"-","no"
"DL184",".",".",".",".",".",".",".","-",".","T","T","G",".",".",".",".",".",".",".",".",".",".",".",".",".","C",".",".",".",".",".",".",".",".",".",300,"-","no"
"P2-58",".",".",".",".",".",".",".",".",".","C","C","C",".","G",".",".",".",".",".",".",".",".",".",".",".",".",".",".",".",".",".",".",".",".",".",50,"-","yes"
"P1-2",".",".",".",".",".",".",".","T","G",".",".",".",".",".",".",".",".",".",".",".",".",".",".",".",".",".",".",".",".",".",".",".",".",".",".",100,"-","yes"
"P2-81",".",".",".",".",".",".",".","T","G",".",".",".",".",".",".",".",".","G",".",".",".",".",".",".",".",".",".",".",".",".",".",".",".",".",".",100,"-","no"
"P1-20",".",".",".",".",".",".",".","T",".",".","-","T","G","-",".",".",".",".",".",".",".",".",".",".",".",".",".",".",".",".",".",".",".",".",".",20,"-","no"
"P1-44",".",".",".",".",".",".",".","G",".",".",".",".",".",".",".",".",".",".",".",".",".",".",".",".","-","-","-",".",".",".",".",".",".",".",".",200,10,"no"
"P1-51",".",".",".",".",".",".",".",".",".",".",".",".","G",".",".","T",".",".",".",".",".",".",".",".",".",".",".","T",".",".",".",".",".",".",".",50,"-","yes"
"P1-87",".",".",".",".",".",".",".","C",".","C",".",".",".","T",".",".",".",".",".",".",".",".",".",".",".",".",".",".",".",".",".",".",".",".",".",100,"-","no"
"P1-94",".",".",".",".",".",".",".",".",".","T","C",".",".",".",".",".",".",".",".",".",".",".",".",".",".",".",".",".",".",".",".",".",".",".",".",50,"-","yes"
"P2-24",".",".",".",".",".",".",".","C",".",".",".",".",".",".","G",".",".",".",".",".",".",".",".",".",".",".",".","G",".",".",".",".",".",".",".",5,"-","yes"
"P2-50",".",".",".",".",".",".",".","T",".",".",".","A",".","C",".",".",".",".",".",".",".",".",".",".","T",".",".",".",".",".",".",".",".",".",".",100,"-","yes"
"P2-73",".",".",".",".",".",".",".","C",".","C",".",".",".",".",".",".",".",".",".",".",".",".",".",".",".",".",".",".",".",".",".",".",".",".",".",100,"-","yes"
"P2-91",".",".",".",".",".",".",".","T",".","-",".",".","G",".",".",".",".",".",".",".",".",".",".",".",".",".",".",".",".",".",".",".",".",".",".",5,"-","yes"
"P3-26",".",".",".",".",".",".",".","G","G","C",".",".",".",".",".",".",".",".",".",".",".",".",".","T",".",".",".","C",".",".",".",".",".",".",".","-","-","yes"
"UP_C",".",".",".",".",".",".",".",".",".","C",".",".",".",".",".",".",".",".",".",".",".",".",".",".",".",".",".",".",".",".",".",".",".",".",".","- < 500",20,"no"
"RBS",".",".",".",".",".",".",".",".",".",".",".",".",".",".",".",".",".",".",".","A","G",".",".",".",".",".",".",".",".",".",".",".",".",".",".",2000,20,"no"
"HL60",".",".",".",".",".",".",".","T","T",".",".",".",".",".",".",".",".","C",".",".",".",".",".",".",".",".","C",".",".",".",".",".",".",".",".",6000,"200","no"
"HL69",".",".",".",".",".",".",".",".",".",".",".",".","T",".",".",".",".",".",".",".",".",".",".",".",".","A",".",".",".",".",".",".",".",".",".",3000,"100","no"
"HL72",".",".",".",".",".",".",".","C",".",".",".",".",".",".",".",".",".",".",".",".",".",".",".",".",".",".",".",".",".",".",".",".",".",".",".",1000,"10","no"
"HL80",".",".",".",".",".",".",".",".",".",".","C",".","-",".",".",".",".",".",".",".",".",".",".",".",".",".",".",".",".",".",".",".",".",".",".",1500,10,"no"
"HL87",".",".",".",".",".",".",".",".",".","T",".","G","T",".",".",".",".",".","C",".",".",".",".",".",".",".",".",".",".",".",".",".",".",".",".",2000,"100","no"
"HL95",".",".",".",".",".",".",".","G",".",".",".","C","C",".","C","T",".",".",".",".",".",".",".",".",".",".",".",".",".",".",".",".",".",".",".",1000,"- 5","no"
"HL83",".",".",".",".",".",".",".",".",".","C",".",".",".",".",".",".",".",".",".",".",".",".",".",".","T",".",".",".",".",".",".",".",".",".",".",8000,80,"no"
"HL92",".",".",".",".",".",".",".",".",".","C",".",".",".",".",".",".",".",".",".",".",".",".","C","T",".",".",".",".",".",".",".",".",".",".",".",8000,80,"no"
"HL95",".",".",".",".",".",".",".",".",".","C",".","C",".",".",".",".",".",".",".",".",".",".",".",".","T",".",".",".",".",".",".",".",".",".",".",9000,100,"no"
"HL84",".",".",".",".",".",".",".",".","T","C",".",".",".",".",".","T",".",".",".",".",".",".",".",".","T",".",".",".",".",".",".",".",".",".",".",8000,40,"no"
"HL85",".",".",".",".",".",".",".",".",".","C",".",".",".",".",".",".",".","C",".",".",".",".",".",".",".",".","T",".",".",".",".",".",".",".",".",8000,100,"no"
"HL86",".",".",".",".",".",".",".",".","A","C",".",".",".",".",".",".","C",".",".",".",".",".",".","A",".",".",".",".",".",".",".",".",".",".",".",8000,80,"no"
"HL89",".",".",".",".",".",".",".",".","A","C",".",".",".",".",".",".",".",".",".",".",".",".",".","A",".",".",".",".",".",".",".",".",".",".",".",8000,80,"no"
"HL87",".",".",".",".",".",".",".",".",".",".",".","C",".",".",".",".",".",".",".",".",".",".",".",".",".",".","T",".",".",".",".",".",".",".",".",5000,40,"no"
"HL88",".",".",".",".",".",".",".",".",".",".",".",".",".","G",".",".",".",".","A",".",".",".",".",".",".",".","C",".",".",".",".",".",".",".",".",7000,40,"no"
"HL94",".",".",".",".",".",".",".",".","A","C",".",".",".",".",".",".",".",".",".",".",".",".",".",".","T",".",".",".",".",".",".",".",".",".",".",8000,80,"no"
"HLM_7",".",".",".",".",".",".",".","T",".",".",".",".",".","T",".","C",".",".",".",".",".",".",".",".",".",".",".",".",".",".",".",".",".",".",".",1500,"150","no"
"HLM_9",".",".",".",".",".",".",".",".","G",".",".",".","T",".",".","C",".",".",".",".",".",".","C",".",".",".",".",".",".",".",".",".",".",".",".",3000,20,"no"
"HLM_16",".",".",".",".",".",".",".","G",".",".",".",".",".",".",".","T",".","C",".",".",".",".",".",".",".",".",".",".",".",".",".",".",".",".",".",2000,"60","no"
"HLM_17",".",".",".",".",".",".",".",".",".",".",".",".",".",".",".",".",".",".","T",".",".",".","G",".",".",".","T",".",".",".",".",".",".",".",".",3000,60,"no"
"HLM_27",".",".",".",".",".",".",".",".",".",".","T",".",".",".",".","-",".",".",".",".",".",".",".",".",".",".",".",".",".",".",".",".",".",".",".",3000,"80","no"
"HLM_28",".",".",".",".",".",".",".",".",".",".","C",".","T",".",".",".",".",".",".",".",".",".",".",".",".",".",".",".",".",".",".",".",".",".",".",1500,40,"no"
"HLM_40",".",".",".",".",".",".",".",".",".",".",".",".",".",".",".",".",".",".",".",".","G",".",".",".",".",".",".",".",".",".",".",".",".",".",".",500,40,"no"
"HLM_51",".",".",".",".",".",".",".","T",".",".","T",".",".",".",".",".",".",".",".",".",".",".",".",".",".",".",".",".",".",".",".",".",".",".",".",1000,"10","no"
"HLM_55",".",".",".",".",".",".",".","C",".",".",".",".",".",".",".",".",".",".",".",".",".","C",".","T",".",".",".",".",".",".",".",".",".",".",".",100,5,"no"
"HLM_62",".",".",".",".",".",".",".",".",".",".",".",".",".","C",".","G",".",".",".",".",".",".","A",".",".",".","T",".",".",".",".",".",".",".",".",7000,100,"no"
"HLM_73",".",".",".",".",".",".",".",".",".","G","C","C",".",".","C",".",".",".",".",".",".",".",".",".",".",".",".",".",".",".",".",".",".",".",".",500,"- 5 ","no"
"HLM_76",".",".",".",".",".",".",".","T",".",".",".",".",".","G",".","T",".",".",".",".",".",".",".",".",".",".",".",".",".",".",".",".",".",".",".",3000,20,"no"
"HLM_77",".",".",".",".",".",".",".",".","G","C","G",".",".","C",".",".",".",".","A",".",".",".",".",".",".",".",".",".",".",".",".",".",".",".",".",1500,"20","no"
"HLM_78",".",".",".",".",".",".",".",".",".",".",".",".","T",".","C","G","G",".",".",".",".",".",".",".",".",".","T",".",".",".",".",".",".",".",".",5000,100,"no"
"HLM_90",".",".",".",".",".",".",".",".","A",".",".","A",".",".","A",".","T",".",".",".",".",".",".",".",".",".",".",".",".",".",".",".",".",".",".",3000,"80","no"
"HLM_91",".",".",".",".",".",".",".",".","G","C",".",".",".",".",".",".",".",".",".",".",".",".",".","A","G",".",".",".",".",".",".",".",".",".",".",6000,80,"no"
"HLM_93",".",".",".",".",".",".",".",".",".",".","T",".",".","C","C","T",".",".",".",".",".",".",".",".",".",".",".",".",".",".",".",".",".",".",".",3000,100,"no"
"HLM_96",".",".",".",".",".",".",".",".",".",".","G",".","G","G",".",".",".",".",".",".",".",".",".",".",".",".",".",".",".",".",".",".",".",".",".",1500,"40","no"
"LLM_3",".",".",".",".",".",".",".",".",".",".",".",".","C",".",".",".",".",".",".",".","G",".",".",".","C",".",".",".",".",".",".",".",".",".",".",2000,"20","no"
"LLM_6",".",".",".",".",".",".",".",".",".","T",".",".",".",".",".",".",".",".",".","T",".",".","G",".",".","C",".",".",".",".",".",".",".",".",".",100,"-","no"
"LLM_12",".",".",".",".",".",".",".",".",".",".",".",".","T",".","C","C",".",".",".",".",".","T",".",".",".",".",".",".",".",".",".",".",".",".",".",3000,"100","no"
"LLM_13",".",".",".",".",".",".",".",".",".",".",".",".",".",".","C",".",".",".",".",".",".",".",".",".",".","A",".",".",".",".",".",".",".",".",".",4000,"100","no"
"LLM_23",".",".",".",".",".",".",".",".",".","T",".",".","C",".",".",".",".",".",".",".",".",".",".",".",".",".",".","C",".",".",".",".",".",".",".",2000,"80","no"
"LLM_37",".",".",".",".",".",".",".",".",".",".",".",".",".",".",".","T",".",".",".",".",".",".",".",".",".",".",".",".",".",".",".",".",".",".",".",2000,"60","no"
"LLM_44",".",".",".",".",".",".",".","C",".",".",".",".",".",".",".",".",".",".",".",".",".",".",".",".",".",".",".",".",".",".",".",".",".",".",".",1000,5,"no"
"LLM_45",".",".",".",".",".",".",".","C",".",".",".",".",".","C",".",".",".",".",".",".","G",".",".",".",".",".","T",".",".",".",".",".",".",".",".",4000,"80","no"
"LLM_47",".",".",".",".",".",".",".","C",".",".","C",".",".",".",".","C",".","C",".",".",".",".",".",".",".",".","A",".",".",".",".",".",".",".",".",7000,100,"no"
"LLM_50",".",".",".",".",".",".",".",".",".",".",".",".",".",".",".",".",".","G","C",".",".",".",".",".",".",".",".",".",".",".",".",".",".",".",".",1000,5,"no"
"LLM_53",".",".",".",".",".",".",".","C",".",".",".",".",".",".",".",".",".",".",".",".",".",".",".",".",".",".",".",".",".",".",".",".",".",".",".","-","- 5","no"
"LLM_56",".",".",".",".",".",".",".",".","A",".",".",".",".",".",".",".",".",".",".",".",".",".",".",".",".",".",".",".",".",".",".",".",".",".",".",1000,5,"no"
"LLM_57",".",".",".",".",".",".",".",".",".",".","G",".",".",".",".",".",".",".",".",".",".",".",".",".","T",".",".",".",".",".",".",".",".",".",".",6000,100,"no"
"LLM_60",".",".",".",".",".",".",".","T","T",".",".",".",".",".",".",".",".","C",".",".",".",".",".",".",".",".","C",".",".",".",".",".",".",".",".",6000,"200","no"
"LLM_69",".",".",".",".",".",".",".",".",".",".",".",".","T",".",".",".",".",".",".",".",".",".",".",".",".","A",".",".",".",".",".",".",".",".",".",3000,"100","no"
"LLM_72",".",".",".",".",".",".",".","C",".",".",".",".",".",".",".",".",".",".",".",".",".",".",".",".",".",".",".",".",".",".",".",".",".",".",".",1000,"10","no"
"LLM_80",".",".",".",".",".",".",".",".",".",".","C",".","-",".",".",".",".",".",".",".",".",".",".",".",".",".",".",".",".",".",".",".",".",".",".",1500,10,"no"
"LLM_87",".",".",".",".",".",".",".",".",".","T",".","G","T",".",".",".",".",".","C",".",".",".",".",".",".",".",".",".",".",".",".",".",".",".",".",2000,"100","no"
"LLM_95",".",".",".",".",".",".",".","G",".",".",".","C","C",".","C","T",".",".",".",".",".",".",".",".",".",".",".",".",".",".",".",".",".",".",".",1000,"- 5","no"
"UP_L_86",".",".",".",".",".","-",".",".",".","T",".","C",".",".",".","T",".",".",".",".",".",".",".",".","G",".",".",".",".",".",".",".",".",".",".",10000,80,"no"
"H_25",".",".",".",".",".",".",".",".",".",".",".","C",".",".","A",".",".","G",".",".",".",".",".",".",".",".",".",".",".",".",".",".",".",".",".",500,10,"yes"
"UP_H _80",".",".",".",".",".",".",".",".",".","C",".",".",".",".",".",".",".","A",".",".",".",".",".",".","T",".",".",".",".",".",".",".",".",".",".",6000,"400 <","yes"
"UP_H_82",".",".",".",".",".",".",".",".",".","C",".",".",".",".",".",".",".",".",".",".",".",".",".","T","T",".",".",".",".",".",".",".",".",".",".",7000,100,"yes"
"UP_H_93",".",".",".",".",".",".",".",".",".","C",".","C",".",".",".",".",".",".",".",".",".",".",".","T","T",".",".",".",".",".",".",".",".",".",".",8000,100,"yes"
"UP_H_90",".",".",".",".",".",".",".",".",".","C",".",".",".","T",".",".",".",".",".",".",".",".",".",".","T",".",".",".",".",".",".",".",".",".",".",7000,100,"yes"
"UP_H_96",".",".",".",".",".",".",".",".",".","C",".",".",".",".",".",".",".",".",".",".",".",".",".","A",".",".",".",".",".",".",".",".",".",".",".",7000,200,"yes"
"UP_H_91",".",".",".",".",".",".",".","C","A",".",".","C",".","C",".",".",".",".",".",".",".",".",".","A",".",".",".",".",".",".",".",".",".",".",".",6000,200,"yes"
"UP_H_100",".",".",".",".",".",".",".","C",".",".",".",".",".",".",".",".",".",".",".",".",".",".",".","-",".",".","-",".",".",".",".",".",".",".",".",8000,100,"yes"
"UP_H_98",".",".",".",".",".",".",".","T","A","C",".","C",".",".",".",".",".",".",".",".",".",".",".","A",".",".",".",".",".",".",".",".",".",".",".",9000,100,"yes"
"UP_H_120",".",".",".",".",".",".",".","C",".","C",".",".","T",".",".",".","C",".",".",".",".",".",".",".","T",".",".",".",".",".",".",".",".",".",".",8000,100,"yes"
"UP_H_81",".",".",".",".",".",".",".",".",".",".",".",".","C",".",".",".","C","A",".",".",".",".",".",".",".",".","C",".",".",".",".",".",".",".",".",7000,200,"yes"
"UP_H_94",".",".",".",".",".",".",".",".","A","C",".",".",".",".",".",".",".",".",".",".",".",".",".",".","T",".",".",".",".",".",".",".",".",".",".",7000,200,"yes"
"UP_C",".",".",".",".",".",".",".",".",".","C",".",".",".",".",".",".",".",".",".",".",".",".",".",".",".",".",".",".",".",".",".",".",".",".",".","- < 500",20,"yes"
"UP_H_6",".",".",".",".",".",".",".","C",".",".",".",".","G",".",".",".",".",".",".",".",".",".",".",".","T",".","T",".",".",".",".",".",".",".",".",6000,200,"yes"
"UP_L_23",".",".",".",".",".",".",".",".",".",".",".",".","C",".",".",".",".",".",".",".",".",".",".","A",".",".",".",".",".",".",".",".",".",".",".",6000,100,"yes"
"UP_L_33",".",".",".",".",".",".",".",".",".","T",".",".",".",".",".","T",".",".",".",".",".",".","A","A",".",".",".",".",".",".",".",".",".",".",".",5000,200,"yes"
"UP_L_53",".",".",".",".",".",".",".",".","G","C",".","A","C",".","C",".",".","C",".",".",".",".",".",".",".",".","A",".",".",".",".",".",".",".",".",4000,100,"yes"
"UP_L_56",".",".",".",".",".",".",".",".",".",".","G",".",".",".",".","T",".",".",".",".",".",".",".",".","T",".","C",".",".",".",".",".",".",".",".",5000,200,"yes"
"UP_L_60",".",".",".",".",".",".",".",".",".","C",".",".",".",".",".",".",".",".",".",".",".",".",".",".","C",".",".",".",".",".",".",".",".",".",".",6000,100,"yes"
"UP_H_66",".",".",".",".",".",".",".",".","A","C",".",".",".",".",".",".","C",".",".",".",".",".",".","A",".",".",".",".",".",".",".",".",".",".",".",7000,100,"yes"
"UP_L_92",".",".",".",".",".",".",".",".",".","C",".",".",".","T",".",".",".",".",".",".",".",".",".","T",".",".",".",".",".",".",".",".",".",".",".",6000,1000,"yes"
"UP_H_16",".",".",".",".",".",".",".",".",".","C",".","C",".",".",".",".",".",".",".",".",".",".",".",".","T",".",".",".",".",".",".",".",".",".",".",8000,200,"yes"
"UP_L_39",".",".",".",".",".",".",".",".",".","C",".",".",".",".",".",".",".",".",".",".",".",".",".",".","T",".",".",".",".",".",".",".",".",".",".",8000,100,"yes"
"UP_H_79",".",".",".",".",".",".",".",".",".",".",".",".","C",".",".",".",".",".",".",".",".",".",".",".","C",".",".",".",".",".",".",".",".",".",".",6000,200,"yes"
